seat_no,name,mu_code,gpa,Applied Mathematics-I (TERM WORK),Applied Physics (THEORY),Applied Chemistry (THEORY),Engineering Mechanics (THEORY),Basic Electrical & Electronics Engineering (THEORY),Applied Physics Lab (TERM WORK),Applied Chemistry Lab (TERM WORK),Engineering Mechanics Lab (TERM WORK AND ORAL),Basic Electrical & Electronics Engineering Lab (TERM WORK AND ORAL),Professional and Communication Ethics (THEORY),Professional and Communication Ethics (TERM WORK),Engineering Workshop-I (TERM WORK AND ORAL),C Programming (TERM WORK AND ORAL),Induction cum Universal Human Values (THEORY)
1234567,LASTNAME MIDDLENAME FIRSTNAME,MU0341120YY0212345,9.00000,114.0,59.0,60.0,60.0,72.0,24.0,24.0,45.0,48.0,56.0,24.0,20.0,47.0, 
1342140,PATIL RITESH MANOJ,MU0341120240205999,0.0000,56.0,38.0,32.0,47.0,45.0,20.0,19.0,44.0,41.0,43.0,19.0,19.0,38.0,
1342141,SHIRUDE SHRAVANI RAKESH,MU0341120240206025,0.00000,50.0,38.0,47.0,50.0,47.0,19.0,19.0,37.0,36.0,37.0,22.0,17.0,41.0,
1342144,AAKRITI SURENDRA JHA,MU0341120250228045,9.00000,114.0,59.0,60.0,60.0,72.0,24.0,24.0,45.0,48.0,56.0,24.0,20.0,47.0,
1342145,AAYUSH ANKUSH RAJESHIRKE,MU0341120250228067,0.0000,67.0,42.0,42.0,43.0,40.0,20.0,22.0,40.0,41.0,47.0,22.0,18.0,37.0,
1342146,ADITYA SHANTARAM BHOYE,MU0341120250228012,0.0000,70.0,47.0,40.0,46.0,39.0,19.0,14.0,28.0,32.0,40.0,17.0,16.0,35.0,
1342147,AJINKYA TULSHIRAM SHINDE,MU0341120250228081,7.30435,94.0,38.0,47.0,58.0,58.0,15.0,15.0,37.0,38.0,54.0,19.0,17.0,36.0,
1342149,ANKIT KRISHNA KUMKAR,MU0341120250228049,8.58696,96.0,43.0,64.0,77.0,83.0,23.0,21.0,38.0,44.0,61.0,22.0,20.0,43.0,
1342150,ANKSHU DINESHBHAI PATEL,MU0341120250228060,8.97826,108.0,62.0,59.0,79.0,80.0,21.0,23.0,42.0,46.0,55.0,23.0,19.0,46.0,
1342151,ANUP SURESH GORIVALE,MU0341120250228031,8.30435,75.0,64.0,63.0,57.0,73.0,19.0,24.0,41.0,43.0,52.0,23.0,20.0,42.0,
1342152,ARYAN CHANDRAKANT TAMBE,MU0341120250228086,0.0000,40.0,27.0,32.0,22.0,21.0,18.0,18.0,33.0,40.0,45.0,22.0,18.0,40.0,
1342153,ATHARV MAHADEV AVHAD,MU0341120250228007,0.0000,71.0,38.0,39.0,30.0,38.0,21.0,19.0,32.0,36.0,49.0,18.0,17.0,43.0,
1342154,ATHARVA ANIL SABLE,MU0341120250228069,8.63043,96.0,59.0,51.0,83.0,70.0,21.0,24.0,42.0,46.0,61.0,23.0,19.0,44.0,
1342155,BHAKTI SANJAY JADHAV,MU0341120250228035,0.00000,66.0,43.0,31.0,36.0,33.0,23.0,23.0,45.0,40.0,50.0,23.0,22.0,47.0,
1342156,BHAVIK RAVINDRA JADHAV,MU0341120250228036,8.21739,80.0,56.0,57.0,73.0,66.0,23.0,24.0,40.0,45.0,51.0,24.0,18.0,42.0,
1342157,BHAVYA KAMLESH JAIN,MU0341120250228040,0.00000,83.0,49.0,63.0,50.0,68.0,21.0,19.0,41.0,44.0,57.0,23.0,17.0,39.0,
1342158,BHAVYA SURESH RADYE,MU0341120250228066,8.28261,87.0,56.0,50.0,63.0,61.0,20.0,24.0,41.0,45.0,63.0,23.0,19.0,45.0,
1342159,BINDU VENKATESH VASAMSHETTY,MU0341120250228097,0.00000,89.0,43.0,52.0,48.0,58.0,21.0,24.0,42.0,42.0,56.0,23.0,19.0,42.0,
1342161,CHANDAN JAYPRAKASH KANOJIA,MU0341120250228047,8.06522,103.0,46.0,54.0,60.0,58.0,23.0,21.0,40.0,41.0,51.0,22.0,18.0,42.0,
1342162,CHARVI PAVITRA BHANJI,MU0341120250228009,7.56522,98.0,40.0,49.0,53.0,59.0,23.0,23.0,40.0,43.0,45.0,24.0,19.0,40.0,
1342163,CHINMAY VIJAY PATIL,MU0341120250228061,9.06522,111.0,65.0,66.0,82.0,86.0,21.0,24.0,43.0,48.0,50.0,24.0,18.0,48.0,
1342164,CHINTAN JAYESH SANCHETI,MU0341120250228073,0.00000,70.0,46.0,45.0,34.0,39.0,20.0,22.0,36.0,37.0,42.0,20.0,15.0,31.0,
1342169,HARSH MANOJ SANKPAL,MU0341120250228075,7.23913,84.0,45.0,54.0,54.0,43.0,18.0,21.0,43.0,41.0,50.0,21.0,19.0,38.0,
1342172,HARSHITA DINESH GHARAT,MU0341120250228029,8.71739,96.0,67.0,61.0,61.0,65.0,19.0,21.0,45.0,45.0,60.0,23.0,22.0,45.0,
1342173,HEMANT SAYAJI JADHAV,MU0341120250228037,6.93478,66.0,51.0,41.0,55.0,52.0,20.0,18.0,28.0,40.0,51.0,24.0,19.0,43.0,
1342174,HRISHIKESH RAVINDRA BAMBALE,MU0341120250228033,0.00000,27.0,17.0,19.0,10.0,13.0,10.0,11.0,22.0,26.0,38.0,14.0,15.0,23.0,
1342175,JADHAV RAVISHA RAVINDRA,MU0341120250228039,8.47826,95.0,61.0,71.0,56.0,69.0,19.0,23.0,41.0,42.0,53.0,21.0,19.0,45.0,
1342176,JANHAVI MADANLAL KUMAWAT,MU0341120250228044,9.10870,115.0,60.0,53.0,65.0,80.0,24.0,22.0,45.0,46.0,53.0,22.0,23.0,46.0,
1342178,JAY KUMAR VISHWAKARMA,MU0341120250228098,8.93478,94.0,54.0,63.0,80.0,80.0,24.0,22.0,44.0,44.0,55.0,24.0,20.0,45.0,
1342179,KANHAIYYALAL ASHOK MAHAJAN,MU0341120250228051,0.00000,77.0,52.0,52.0,41.0,52.0,20.0,14.0,29.0,32.0,46.0,21.0,17.0,38.0,
1342180,KAUSTUBH TYAGI,MU0341120250228092,7.65217,79.0,49.0,51.0,59.0,67.0,21.0,21.0,42.0,44.0,44.0,21.0,18.0,44.0,
1342182,KINJAL CHANDAN TARE,MU0341120250228087,8.06522,84.0,50.0,59.0,53.0,60.0,20.0,23.0,40.0,44.0,54.0,23.0,19.0,47.0,
1342184,KIRAN BULARAM SUTHAR,MU0341120250228084,8.28261,101.0,59.0,58.0,69.0,63.0,20.0,19.0,43.0,44.0,54.0,21.0,17.0,40.0,
1342186,KUSH TUSHAR MODI,MU0341120250228055,0.00000,81.0,34.0,44.0,46.0,42.0,23.0,22.0,42.0,41.0,54.0,22.0,18.0,40.0,
1342187,MADHURA SURESH JADHAV,MU0341120250228038,0.00000,68.0,35.0,46.0,31.0,42.0,23.0,23.0,44.0,41.0,54.0,24.0,20.0,44.0,
1342188,MANSI SURESH SHEWALE,MU0341120250228080,8.45652,97.0,67.0,64.0,69.0,60.0,19.0,21.0,41.0,45.0,49.0,23.0,19.0,45.0,
1342189,MANTHAN SACHIN WALAVALKAR,MU0341120250228099,0.00000,69.0,43.0,44.0,40.0,44.0,18.0,19.0,40.0,42.0,46.0,20.0,18.0,41.0,
1342191,MD SUFIYAN BARI,MU0341120250228008,0.00000,55.0,40.0,46.0,43.0,41.0,10.0,11.0,14.0,27.0,38.0,12.0,10.0,34.0,
1342192,MOHD AYAAN AYUB MERCHANT,MU0341120250228052,0.0000,16.0,9.0,23.0,14.0,7.0,18.0,16.0,32.0,32.0,31.0,18.0,15.0,37.0,
1342193,MOHIT CHANDRASHEKHAR CHAVAN,MU0341120250228019,0.0000,47.0,18.0,35.0,23.0,20.0,22.0,19.0,32.0,37.0,53.0,22.0,20.0,38.0,
1342194,NAVED SHAIKH,MU0341120250228079,0.00000,74.0,51.0,57.0,57.0,63.0,21.0,22.0,41.0,42.0,58.0,22.0,18.0,45.0,
1342195,NIKUNJ NAVNEET CHANDAK,MU0341120250228018,0.00000,90.0,47.0,47.0,54.0,45.0,21.0,20.0,37.0,42.0,56.0,23.0,19.0,43.0,
1342196,NINAD RAVAJI BORSA,MU0341120250228014,0.00000,43.0,23.0,16.0,20.0,20.0,16.0,14.0,27.0,34.0,36.0,18.0,18.0,30.0,
1342197,PALAK RAKESH JAIN,MU0341120250228041,7.89130,90.0,54.0,54.0,51.0,57.0,23.0,22.0,33.0,43.0,50.0,24.0,18.0,45.0,
1342199,PIYUSH SUNIL MISHRA,MU0341120250228054,8.45652,89.0,69.0,54.0,73.0,63.0,23.0,22.0,46.0,44.0,49.0,22.0,19.0,44.0,
1342200,PRATHAMESH SATISH SARODE,MU0341120250228076,0.00000,55.0,27.0,38.0,27.0,29.0,20.0,21.0,32.0,39.0,41.0,20.0,16.0,34.0,
1342202,RAUL ATHARVA DARSHAN PRADNYA,MU0341120250228068,8.23913,89.0,55.0,49.0,66.0,72.0,19.0,17.0,42.0,45.0,53.0,23.0,22.0,39.0,
1342203,RENESH SANDEEP PAWAR,MU0341120250228063,0.00000,62.0,54.0,50.0,49.0,53.0,22.0,23.0,43.0,40.0,47.0,22.0,18.0,42.0,
1342204,REYHA JOGINDER SINGH,MU0341120250228083,8.28261,91.0,48.0,55.0,68.0,64.0,21.0,23.0,42.0,44.0,55.0,24.0,18.0,46.0,
1342205,RISHABH RATIBHAN PRAJAPATI,MU0341120250228064,7.91304,88.0,43.0,45.0,65.0,64.0,19.0,24.0,40.0,43.0,46.0,22.0,17.0,45.0,
1342206,RIYA PRAMOD MAHADIK,MU0341120250228050,8.58696,89.0,46.0,63.0,81.0,70.0,22.0,23.0,45.0,42.0,49.0,22.0,19.0,45.0,
1342207,ROHAN RAJKISHOR CHOUDHARY,MU0341120250228021,0.00000,82.0,48.0,51.0,44.0,68.0,22.0,23.0,39.0,43.0,54.0,24.0,20.0,44.0,
1342208,RONAK MAHAVIR JAIN,MU0341120250228042,8.04348,79.0,55.0,56.0,64.0,63.0,22.0,17.0,41.0,41.0,51.0,23.0,16.0,45.0,
1342211,SACHIN RAJESH PRAJAPATI,MU0341120250228065,0.00000,68.0,46.0,43.0,64.0,52.0,19.0,24.0,40.0,40.0,45.0,21.0,19.0,42.0,
1342212,SAHIL NARENDRA SHINDE,MU0341120250228082,7.10870,70.0,50.0,49.0,57.0,56.0,16.0,18.0,38.0,40.0,43.0,19.0,17.0,38.0,
1342213,SAKSHAM SAJITH KUMAR,MU0341120250228070,8.89130,109.0,68.0,72.0,69.0,74.0,23.0,21.0,44.0,42.0,56.0,22.0,20.0,44.0,
1342215,SARA SAMEER SAWANT,MU0341120250228077,0.00000,85.0,50.0,47.0,45.0,53.0,21.0,24.0,41.0,43.0,48.0,21.0,19.0,45.0,
1342216,SARTHAK KIRAN MHATRE,MU0341120250228053,8.84783,92.0,69.0,64.0,88.0,59.0,23.0,22.0,46.0,44.0,57.0,23.0,18.0,46.0,
1342218,SHIVAM SHUBHKARAN YADAV,MU0341120250228101,0.00000,54.0,49.0,56.0,51.0,61.0,15.0,12.0,32.0,36.0,54.0,16.0,12.0,36.0,
1342219,SHRAVANI SATISH INGALE,MU0341120250228034,8.28261,86.0,65.0,58.0,75.0,75.0,18.0,21.0,38.0,43.0,49.0,21.0,21.0,44.0,
1342220,SHRAVANI SURENDRA CHALKE,MU0341120250228015,8.73913,93.0,68.0,64.0,75.0,76.0,22.0,20.0,45.0,44.0,58.0,24.0,15.0,44.0,
1342221,SHRAVANI VISHWANATH GAWADE,MU0341120250228028,8.73913,111.0,50.0,64.0,67.0,70.0,23.0,24.0,43.0,44.0,62.0,24.0,19.0,47.0,
1342222,SHREYA SURESH BHANSE,MU0341120250228010,8.78261,102.0,62.0,58.0,68.0,67.0,23.0,24.0,45.0,44.0,62.0,24.0,20.0,45.0,
1342223,SHRUTI NANDKISHOR BHOYAR,MU0341120250228011,8.41304,87.0,43.0,69.0,65.0,66.0,22.0,24.0,46.0,45.0,59.0,23.0,19.0,45.0,
1342224,SHRUTIKA SHANKAR UTHALE,MU0341120250228093,0.0000,79.0,33.0,36.0,52.0,36.0,22.0,21.0,42.0,40.0,48.0,22.0,19.0,39.0,
1342226,SHUBHAM SUDHIR KAMBLE,MU0341120250228046,0.0000,66.0,29.0,35.0,32.0,38.0,14.0,12.0,21.0,26.0,38.0,15.0,13.0,33.0,
1342227,SHYAM SATYANARAYAN MUNDHRA,MU0341120250228057,0.00000,96.0,66.0,70.0,50.0,66.0,19.0,22.0,38.0,42.0,60.0,23.0,18.0,44.0,
1342230,SOHAM SANJAY DEORE,MU0341120250228023,7.91304,84.0,65.0,57.0,67.0,54.0,20.0,17.0,43.0,42.0,48.0,24.0,20.0,36.0,
1342231,SOHAM SUSHIL TEMBULKAR,MU0341120250228089,8.08696,93.0,64.0,49.0,64.0,57.0,20.0,20.0,40.0,42.0,58.0,20.0,19.0,41.0,
1342232,TANUJA RAVINDRA THOMBARE,MU0341120250228090,8.28261,105.0,54.0,47.0,67.0,64.0,20.0,25.0,38.0,44.0,53.0,23.0,19.0,42.0,
1342234,TANYA SANJEEV CHOUDHARY,MU0341120250228022,9.41304,120.0,70.0,69.0,76.0,82.0,24.0,22.0,43.0,48.0,57.0,24.0,20.0,48.0,
1342235,TIWARI SHASHANK AKHILESH,MU0341120250228091,0.00000,81.0,49.0,43.0,62.0,48.0,17.0,17.0,35.0,37.0,57.0,21.0,16.0,36.0,
1342237,VED SANTOSH PATIL,MU0341120250228062,8.21739,107.0,45.0,58.0,67.0,58.0,21.0,21.0,41.0,45.0,50.0,23.0,18.0,47.0,
1342238,VEDANT AVDUT MORE,MU0341120250228056,8.41304,106.0,64.0,57.0,65.0,63.0,19.0,21.0,39.0,44.0,54.0,23.0,19.0,42.0,
1342239,VEDANT PRASHANT CHALKE,MU0341120250228016,0.00000,65.0,51.0,46.0,27.0,42.0,24.0,23.0,34.0,38.0,58.0,24.0,19.0,45.0,
1342240,VEDANT PRASHANT GAWAD,MU0341120250228027,7.71739,89.0,53.0,45.0,73.0,43.0,23.0,22.0,46.0,39.0,43.0,23.0,19.0,44.0,
1342242,VIHAAN JIGAR VAKHARIA,MU0341120250228095,0.00000,92.0,43.0,48.0,49.0,43.0,14.0,15.0,37.0,40.0,53.0,21.0,16.0,40.0,
1342244,VRUSHALI VIKAS SANDANSHIV,MU0341120250228074,0.00000,83.0,48.0,54.0,41.0,48.0,21.0,23.0,41.0,42.0,51.0,24.0,19.0,40.0,
1342245,YASH SANTOSH DHUMAL,MU0341120250228025,7.91304,95.0,61.0,52.0,69.0,49.0,22.0,22.0,41.0,41.0,43.0,22.0,20.0,45.0,
1342247,PADAYA ZAINAB RASHID,MU0341120240208446,0.00000,52.0,36.0,38.0,29.0,29.0,19.0,14.0,40.0,32.0,42.0,15.0,16.0,29.0,
1342248,PARAB MANAS JAGDISH,MU0341120240205994,0.00000,44.0,17.0,35.0,41.0,20.0,20.0,19.0,42.0,37.0,32.0,19.0,19.0,31.0,
1342249,KAWALE SUMEDH PRALHAD,MU0341120240206206,0.00000,35.0,49.0,48.0,38.0,45.0,20.0,13.0,30.0,39.0,45.0,16.0,19.0,34.0,
1342250,YADAV SUBHASH BABULAL,MU0341120240206202,0.00000,49.0,38.0,55.0,43.0,45.0,21.0,21.0,39.0,39.0,50.0,17.0,14.0,34.0,
1342251,DODIYA TANISHQ RUPESH,MU0341120240201028,0.00000,43.0,44.0,44.0,22.0,30.0,21.0,22.0,43.0,44.0,48.0,21.0,21.0,44.0,
1342252,GAVIT NIKHIL DILIP,MU0341120240201029,0.00000,48.0,30.0,37.0,41.0,34.0,21.0,22.0,44.0,42.0,46.0,21.0,22.0,38.0,
1342253,GHOLAP SOHAM KIRAN,MU0341120240201032,6.63043,89.0,37.0,41.0,45.0,53.0,18.0,21.0,40.0,39.0,47.0,15.0,13.0,35.0,
1342254,KANADIA ABBAS RIZWAN,MU0341120240202857,6.63043,68.0,41.0,46.0,49.0,52.0,20.0,18.0,40.0,40.0,45.0,21.0,13.0,39.0,
1342255,GORI DHIR VIPUL,MU0341120240201034,5.97826,56.0,43.0,32.0,41.0,45.0,18.0,22.0,42.0,40.0,39.0,19.0,13.0,35.0,
1342256,KAWAD SHUBHAM SUNIL,MU0341120240202862,0.00000,63.0,22.0,39.0,31.0,27.0,17.0,15.0,32.0,34.0,34.0,14.0,15.0,30.0,
1342257,SINGH VIRENDRA PRATAP,MU0341120240206184,0.00000,75.0,36.0,45.0,25.0,46.0,17.0,12.0,35.0,31.0,36.0,11.0,18.0,30.0,
1342258,BHOIR YASH DAMODAR,MU0341120240215571,0.00000,60.0,13.0,53.0,54.0,18.0,11.0,11.0,26.0,34.0,45.0,12.0,17.0,26.0,
1342259,PALAN ADITYA JAYA,MU0341120240205990,0.00000,82.0,42.0,45.0,31.0,56.0,21.0,20.0,43.0,41.0,47.0,21.0,19.0,35.0,
1342260,ZIMBARE OM SUBHASH,MU0341120240206205,0.00000,63.0,38.0,46.0,35.0,51.0,20.0,21.0,34.0,32.0,41.0,10.0,18.0,27.0,
1342261,BURUNG YASHRAJ BALASAHEB,MU0341120240206738,0.00000,70.0,43.0,44.0,40.0,32.0,18.0,18.0,31.0,40.0,39.0,14.0,14.0,36.0,
1342262,KAUTHALE SAURABH BHAUSAHEB,MU0341120240202861,7.47826,66.0,43.0,66.0,60.0,57.0,16.0,13.0,35.0,46.0,58.0,23.0,20.0,36.0,
1342263,KHAN FAIZAN ASLAM,MU0341120240202863,6.43478,64.0,39.0,43.0,50.0,55.0,16.0,13.0,33.0,35.0,50.0,15.0,15.0,31.0,
1342264,MUJAWAR MOHD SAUD REHAN,MU0341120240208442,0.0000,53.0,36.0,38.0,32.0,39.0,17.0,20.0,41.0,36.0,43.0,23.0,20.0,32.0,
1342265,SHIKHARE VISHAL DARYAPPA,MU0341120240206020,0.0000,62.0,32.0,30.0,42.0,40.0,20.0,18.0,39.0,41.0,32.0,20.0,22.0,39.0,
1342266,CHAVAN YUVRAJ BHALCHANDRA,MU0341120240200968,7.80435,75.0,39.0,60.0,60.0,61.0,22.0,23.0,43.0,39.0,57.0,21.0,19.0,36.0,
1342267,THORAT SHRUTI MANOJ,MU0341120240206192,0.00000,76.0,44.0,41.0,69.0,48.0,14.0,19.0,35.0,34.0,58.0,12.0,14.0,31.0,
1342268,WABLE SATWIK SANDIP,MU0341120240206197,0.000,80.0,39.0,44.0,57.0,30.0,20.0,20.0,39.0,38.0,40.0,19.0,16.0,36.0,
